Time_ms, Audio_In, Audio_Out, Filter_State
0.001,         0,         0,          0
0.003,     85473,         0,          0
0.004,    170878,       667,          0
0.006,    256144,      2002,          0
0.007,    341202,      4003,          0
0.008,    425982,      6669,          0
0.010,    510417,      9997,          0
0.011,    594438,     13985,          0
0.013,    677976,     18629,          0
0.014,    760963,     23925,          0
0.015,    843333,     29870,          0
0.017,    925018,     36459,          0
0.018,   1005952,     43686,          0
0.020,   1086069,     51545,          0
0.021,   1165304,     60030,          0
0.022,   1243593,     69133,          0
0.024,   1320872,     78849,          0
0.025,   1397079,     89168,          0
0.027,   1472152,    100083,          0
0.028,   1546030,    111584,          0
0.029,   1618652,    123663,          0
0.031,   1689960,    136308,          0
0.032,   1759896,    149511,          0
0.033,   1828402,    163260,          0
0.035,   1895425,    177545,          0
0.036,   1960908,    192353,          0
0.038,   2024800,    207672,          0
0.039,   2087047,    223491,          0
0.040,   2147600,    239796,          0
0.042,   2206409,    256574,          0
0.043,   2263427,    273812,          0
0.045,   2318607,    291495,          0
0.046,   2371905,    309609,          0
0.047,   2423276,    328139,          0
0.049,   2472681,    347071,          0
0.050,   2520077,    366389,          0
0.052,   2565428,    386077,          0
0.053,   2608695,    406120,          0
0.054,   2649845,    426500,          0
0.056,   2688843,    447202,          0
0.057,   2725658,    468209,          0
0.058,   2760260,    489503,          0
0.060,   2792621,    511067,          0
0.061,   2822714,    532885,          0
0.063,   2850516,    554937,          0
0.064,   2876003,    577207,          0
0.065,   2899155,    599676,          0
0.067,   2919953,    622325,          0
0.068,   2938381,    645137,          0
0.070,   2954423,    668093,          0
0.071,   2968066,    691175,          0
0.072,   2979299,    714363,          0
0.074,   2988113,    737639,          0
0.075,   2994501,    760983,          0
0.077,   2998458,    784378,          0
0.078,   2999980,    807803,          0
0.079,   2999067,    831241,          0
0.081,   2995719,    854671,          0
0.082,   2989938,    878075,          0
0.084,   2981730,    901434,          0
0.085,   2971100,    924729,          0
0.086,   2958059,    947940,          0
0.088,   2942616,    971050,          0
0.089,   2924783,    994039,          0
0.090,   2904576,   1016889,          0
0.092,   2882011,   1039581,          0
0.093,   2857105,   1062097,          0
0.095,   2829880,   1084418,          0
0.096,   2800358,   1106526,          0
0.097,   2768561,   1128404,          0
0.099,   2734517,   1150034,          0
0.100,   2698253,   1171397,          0
0.102,   2659797,   1192477,          0
0.103,   2619183,   1213257,          0
0.104,   2576441,   1233719,          0
0.106,   2531608,   1253848,          0
0.107,   2484720,   1273626,          0
0.109,   2435814,   1293038,          0
0.110,   2384930,   1312067,          0
0.111,   2332110,   1330700,          0
0.113,   2277396,   1348919,          0
0.114,   2220833,   1366711,          0
0.115,   2162468,   1384062,          0
0.117,   2102346,   1400956,          0
0.118,   2040518,   1417381,          0
0.120,   1977033,   1433322,          0
0.121,   1911942,   1448768,          0
0.122,   1845299,   1463705,          0
0.124,   1777158,   1478121,          0
0.125,   1707575,   1492005,          0
0.127,   1636604,   1505346,          0
0.128,   1564305,   1518132,          0
0.129,   1490736,   1530353,          0
0.131,   1415956,   1541999,          0
0.132,   1340027,   1553061,          0
0.134,   1263010,   1563530,          0
0.135,   1184967,   1573397,          0
0.136,   1105963,   1582655,          0
0.138,   1026060,   1591295,          0
0.139,    945324,   1599311,          0
0.140,    863821,   1606697,          0
0.142,    781616,   1613445,          0
0.143,    698777,   1619552,          0
0.145,    615370,   1625011,          0
0.146,    531464,   1629819,          0
0.147,    447126,   1633971,          0
0.149,    362426,   1637464,          0
0.150,    277430,   1640295,          0
0.152,    192210,   1642463,          0
0.153,    106834,   1643964,          0
0.154,     21371,   1644799,          0
0.156,    -64109,   1644966,          0
0.157,   -149537,   1644465,          0
0.159,   -234844,   1643297,          0
0.160,   -319960,   1641462,          0
0.161,   -404817,   1638962,          0
0.163,   -489345,   1635800,          0
0.164,   -573475,   1631977,          0
0.166,   -657140,   1627496,          0
0.167,   -740272,   1622363,          0
0.168,   -822802,   1616579,    2000000
0.170,   -904664,  -1610152,    2000000
0.171,   -985792,  -1603084,    2000000
0.172,  -1066119,  -1595383,    2000000
0.174,  -1145581,  -1587054,    2000000
0.175,  -1224113,  -1578104,    2000000
0.177,  -1301651,  -1568541,    2000000
0.178,  -1378132,  -1558371,    2000000
0.179,  -1453494,  -1547605,    2000000
0.181,  -1527676,  -1536249,    2000000
0.182,  -1600617,  -1523647,    2000000
0.184,  -1672259,  -1509807,    2000000
0.185,  -1742543,  -1494741,    2000000
0.186,  -1811413,  -1478462,    2000000
0.188,  -1878811,  -1460982,    2000000
0.189,  -1944685,  -1442316,    2000000
0.191,  -2008979,  -1422480,    2000000
0.192,  -2071642,  -1401488,    2000000
0.193,  -2132623,  -1379358,    2000000
0.195,  -2191873,  -1356108,    2000000
0.196,  -2249343,  -1331758,    2000000
0.197,  -2304987,  -1306326,    2000000
0.199,  -2358759,  -1279833,    2000000
0.200,  -2410616,  -1252301,    2000000
0.202,  -2460516,  -1223753,    2000000
0.203,  -2508418,  -1194211,    2000000
0.204,  -2554284,  -1163699,    2000000
0.206,  -2598076,  -1132242,    2000000
0.207,  -2639758,  -1099867,    2000000
0.209,  -2679297,  -1066598,    2000000
0.210,  -2716661,  -1032463,    2000000
0.211,  -2751818,   -997490,    2000000
0.213,  -2784742,   -961707,    2000000
0.214,  -2815405,   -925143,    2000000
0.216,  -2843782,   -887828,    2000000
0.217,  -2869849,   -849792,    2000000
0.218,  -2893587,   -811067,    2000000
0.220,  -2914976,   -771682,    2000000
0.221,  -2933997,   -731671,    2000000
0.223,  -2950637,   -691067,    2000000
0.224,  -2964881,   -649901,    2000000
0.225,  -2976717,   -608207,    2000000
0.227,  -2986137,   -566020,    2000000
0.228,  -2993132,   -523373,    2000000
0.229,  -2997697,   -480301,    2000000
0.231,  -2999828,   -436839,    2000000
0.232,  -2999524,   -393022,    2000000
0.234,  -2996784,   -348886,    2000000
0.235,  -2991611,   -304467,    2000000
0.236,  -2984009,   -259801,    2000000
0.238,  -2973984,   -214924,    2000000
0.239,  -2961545,   -169873,    2000000
0.241,  -2946701,   -124683,    2000000
0.242,  -2929465,    -79392,    2000000
0.243,  -2909850,    -34037,    2000000
0.245,  -2887872,     11346,    2000000
0.246,  -2863550,     56719,    2000000
0.248,  -2836903,    102047,    2000000
0.249,  -2807952,    147292,    2000000
0.250,  -2776722,    192417,    2000000
0.252,  -2743237,    237386,    2000000
0.253,  -2707525,    282162,    2000000
0.254,  -2669615,    326709,    2000000
0.256,  -2629537,    370991,    2000000
0.257,  -2587324,    414971,    2000000
0.259,  -2543011,    458615,    2000000
0.260,  -2496632,    501886,    2000000
0.261,  -2448227,    544750,    2000000
0.263,  -2397834,    587172,    2000000
0.264,  -2345494,    629117,    2000000
0.266,  -2291250,    670551,    2000000
0.267,  -2235145,    711440,    2000000
0.268,  -2177226,    751752,    2000000
0.270,  -2117539,    791454,    2000000
0.271,  -2056132,    830513,    2000000
0.273,  -1993056,    868897,    2000000
0.274,  -1928362,    906577,    2000000
0.275,  -1862103,    943520,    2000000
0.277,  -1794331,    979697,    2000000
0.278,  -1725103,   1015078,    2000000
0.279,  -1654474,   1049636,    2000000
0.281,  -1582501,   1083341,    2000000
0.282,  -1509244,   1116167,    2000000
0.284,  -1434761,   1148086,    2000000
0.285,  -1359114,   1179073,    2000000
0.286,  -1282363,   1209103,    2000000
0.288,  -1204571,   1238152,    2000000
0.289,  -1125801,   1266195,    2000000
0.291,  -1046116,   1293210,    2000000
0.292,   -965583,   1319174,    2000000
0.293,   -884265,   1344068,    2000000
0.295,   -802229,   1367871,    2000000
0.296,   -719543,   1390563,    2000000
0.298,   -636271,   1412126,    2000000
0.299,   -552484,   1432542,    2000000
0.300,   -468247,   1451796,    2000000
0.302,   -383631,   1469870,    2000000
0.303,   -298703,   1486751,    2000000
0.305,   -213533,   1502425,    2000000
0.306,   -128189,   1516880,    2000000
0.307,    -42741,   1530102,    2000000
0.309,     42741,   1542083,    2000000
0.310,    128189,   1552811,    2000000
0.311,    213533,   1562278,    2000000
0.313,    298703,   1570477,    2000000
0.314,    383631,   1577401,    2000000
0.316,    468247,   1583045,    2000000
0.317,    552484,   1587402,    2000000
0.318,    636271,   1590471,    2000000
0.320,    719543,   1592249,    2000000
0.321,    802229,   1592734,    2000000
0.323,    884265,   1591926,    2000000
0.324,    965583,   1589825,    2000000
0.325,   1046116,   1586434,    2000000
0.327,   1125800,   1581754,    2000000
0.328,   1204571,   1575790,    2000000
0.330,   1282363,   1568547,    2000000
0.331,   1359114,   1560030,    2000000
0.332,   1434761,   1550247,    2000000
0.334,   1509244,   1539205,    2000000
0.335,   1582501,   1526913,          0
0.336,   1654474,  -1513382,          0
0.338,   1725103,  -1498622,          0
0.339,   1794331,  -1482645,          0
0.341,   1862103,  -1465464,          0
0.342,   1928362,  -1447093,          0
0.343,   1993056,  -1427548,          0
0.345,   2056132,  -1406843,          0
0.346,   2117539,  -1384996,          0
0.348,   2177226,  -1362025,          0
0.349,   2235145,  -1337947,          0
0.350,   2291250,  -1312784,          0
0.352,   2345494,  -1286554,          0
0.353,   2397834,  -1259280,          0
0.355,   2448227,  -1230984,          0
0.356,   2496632,  -1201688,          0
0.357,   2543011,  -1171416,          0
0.359,   2587324,  -1140194,          0
0.360,   2629537,  -1108045,          0
0.361,   2669615,  -1074997,          0
0.363,   2707525,  -1041076,          0
0.364,   2743237,  -1006310,          0
0.366,   2776722,   -970727,          0
0.367,   2807952,   -934356,          0
0.368,   2836903,   -897226,          0
0.370,   2863550,   -859367,          0
0.371,   2887872,   -820811,          0
0.373,   2909850,   -781588,          0
0.374,   2929465,   -741731,          0
0.375,   2946701,   -701272,          0
0.377,   2961545,   -660243,          0
0.378,   2973984,   -618678,          0
0.380,   2984009,   -576611,          0
0.381,   2991611,   -534075,          0
0.382,   2996784,   -491107,          0
0.384,   2999524,   -447739,          0
0.385,   2999828,   -404008,          0
0.387,   2997697,   -359948,          0
0.388,   2993132,   -315597,          0
0.389,   2986137,   -270989,          0
0.391,   2976717,   -226161,          0
0.392,   2964881,   -181150,          0
0.393,   2950637,   -135991,          0
0.395,   2933997,    -90722,          0
0.396,   2914976,    -45380,          0
0.398,   2893587,        -1,          0
0.399,   2869849,     45379,          0
0.400,   2843782,     90721,          0
0.402,   2815405,    135990,          0
0.403,   2784742,    181149,          0
0.405,   2751818,    226160,          0
0.406,   2716661,    270988,          0
0.407,   2679297,    315596,          0
0.409,   2639758,    359947,          0
0.410,   2598076,    404007,          0
0.412,   2554284,    447738,          0
0.413,   2508418,    491106,          0
0.414,   2460516,    534074,          0
0.416,   2410616,    576610,          0
0.417,   2358759,    618677,          0
0.418,   2304987,    660242,          0
0.420,   2249343,    701271,          0
0.421,   2191873,    741730,          0
0.423,   2132623,    781587,          0
0.424,   2071642,    820810,          0
0.425,   2008979,    859366,          0
0.427,   1944685,    897225,          0
0.428,   1878811,    934355,          0
0.430,   1811413,    970726,          0
0.431,   1742543,   1006309,          0
0.432,   1672259,   1041075,          0
0.434,   1600617,   1074996,          0
0.435,   1527676,   1108044,          0
0.437,   1453494,   1140193,          0
0.438,   1378132,   1171415,          0
0.439,   1301651,   1201687,          0
0.441,   1224113,   1230983,          0
0.442,   1145581,   1259279,          0
0.444,   1066120,   1286553,          0
0.445,    985792,   1312783,          0
0.446,    904664,   1337946,          0
0.448,    822802,   1362024,          0
0.449,    740272,   1384995,          0
0.450,    657140,   1406842,          0
0.452,    573475,   1427547,          0
0.453,    489345,   1447092,          0
0.455,    404817,   1465463,          0
0.456,    319960,   1482644,          0
0.457,    234844,   1498621,          0
0.459,    149537,   1513381,          0
0.460,     64109,   1526913,          0
0.462,    -21371,   1539205,          0
0.463,   -106834,   1550247,          0
0.464,   -192210,   1560030,          0
0.466,   -277430,   1568547,          0
0.467,   -362425,   1575790,          0
0.469,   -447126,   1581754,          0
0.470,   -531464,   1586434,          0
0.471,   -615370,   1589825,          0
0.473,   -698777,   1591926,          0
0.474,   -781616,   1592734,          0
0.475,   -863821,   1592249,          0
0.477,   -945324,   1590471,          0
0.478,  -1026060,   1587402,          0
0.480,  -1105963,   1583045,          0
0.481,  -1184967,   1577401,          0
0.482,  -1263010,   1570477,          0
0.484,  -1340027,   1562278,          0
0.485,  -1415956,   1552811,          0
0.487,  -1490736,   1542083,          0
0.488,  -1564305,   1530102,          0
0.489,  -1636604,   1516880,          0
0.491,  -1707574,   1502426,          0
0.492,  -1777158,   1486751,          0
0.494,  -1845299,   1469870,          0
0.495,  -1911942,   1451796,          0
0.496,  -1977032,   1432542,          0
0.498,  -2040518,   1412126,          0
0.499,  -2102346,   1390563,          0
0.500,  -2162468,   1367871,          0
0.502,  -2220833,   1344068,    2000000
0.503,  -2277396,  -1319176,    2000000
0.505,  -2332110,  -1293211,    2000000
0.506,  -2384930,  -1266196,    2000000
0.507,  -2435813,  -1238153,    2000000
0.509,  -2484720,  -1209104,    2000000
0.510,  -2531608,  -1179074,    2000000
0.512,  -2576441,  -1148087,    2000000
0.513,  -2619183,  -1116168,    2000000
0.514,  -2659797,  -1083342,    2000000
0.516,  -2698253,  -1049637,    2000000
0.517,  -2734517,  -1015079,    2000000
0.519,  -2768561,   -979698,    2000000
0.520,  -2800358,   -943521,    2000000
0.521,  -2829880,   -906578,    2000000
0.523,  -2857105,   -868898,    2000000
0.524,  -2882011,   -830514,    2000000
0.526,  -2904576,   -791455,    2000000
0.527,  -2924783,   -751753,    2000000
0.528,  -2942616,   -711441,    2000000
0.530,  -2958059,   -670552,    2000000
0.531,  -2971100,   -629118,    2000000
0.532,  -2981730,   -587173,    2000000
0.534,  -2989938,   -544751,    2000000
0.535,  -2995719,   -501888,    2000000
0.537,  -2999067,   -458616,    2000000
0.538,  -2999980,   -414973,    2000000
0.539,  -2998458,   -370992,    2000000
0.541,  -2994501,   -326710,    2000000
0.542,  -2988113,   -282163,    2000000
0.544,  -2979299,   -237387,    2000000
0.545,  -2968066,   -192418,    2000000
0.546,  -2954423,   -147293,    2000000
0.548,  -2938381,   -102048,    2000000
0.549,  -2919953,    -56720,    2000000
0.551,  -2899155,    -11347,    2000000
0.552,  -2876003,     34036,    2000000
0.553,  -2850516,     79391,    2000000
0.555,  -2822714,    124682,    2000000
0.556,  -2792621,    169872,    2000000
0.557,  -2760260,    214923,    2000000
0.559,  -2725658,    259800,    2000000
0.560,  -2688843,    304466,    2000000
0.562,  -2649845,    348885,    2000000
0.563,  -2608695,    393021,    2000000
0.564,  -2565428,    436838,    2000000
0.566,  -2520077,    480300,    2000000
0.567,  -2472681,    523371,    2000000
0.569,  -2423276,    566019,    2000000
0.570,  -2371905,    608206,    2000000
0.571,  -2318607,    649900,    2000000
0.573,  -2263427,    691066,    2000000
0.574,  -2206409,    731670,    2000000
0.576,  -2147600,    771681,    2000000
0.577,  -2087047,    811066,    2000000
0.578,  -2024800,    849791,    2000000
0.580,  -1960908,    887827,    2000000
0.581,  -1895425,    925142,    2000000
0.583,  -1828402,    961706,    2000000
0.584,  -1759896,    997489,    2000000
0.585,  -1689960,   1032462,    2000000
0.587,  -1618652,   1066597,    2000000
0.588,  -1546030,   1099866,    2000000
0.589,  -1472152,   1132241,    2000000
0.591,  -1397080,   1163698,    2000000
0.592,  -1320873,   1194210,    2000000
0.594,  -1243593,   1223752,    2000000
0.595,  -1165304,   1252300,    2000000
0.596,  -1086069,   1279832,    2000000
0.598,  -1005952,   1306325,    2000000
0.599,   -925018,   1331757,    2000000
0.601,   -843333,   1356107,    2000000
0.602,   -760963,   1379357,    2000000
0.603,   -677976,   1401487,    2000000
0.605,   -594438,   1422479,    2000000
0.606,   -510417,   1442315,    2000000
0.608,   -425982,   1460981,    2000000
0.609,   -341202,   1478461,    2000000
0.610,   -256144,   1494740,    2000000
0.612,   -170878,   1509806,    2000000
0.613,    -85473,   1523646,    2000000
0.614,         0,   1536248,    2000000
0.616,     85473,   1547604,    2000000
0.617,    170878,   1557703,    2000000
0.619,    256144,   1566537,    2000000
0.620,    341202,   1574099,    2000000
0.621,    425982,   1580383,    2000000
0.623,    510417,   1585384,    2000000
0.624,    594438,   1589098,    2000000
0.626,    677976,   1591522,    2000000
0.627,    760963,   1592653,    2000000
0.628,    843333,   1592492,    2000000
0.630,    925018,   1591037,    2000000
0.631,   1005951,   1588291,    2000000
0.633,   1086069,   1584255,    2000000
0.634,   1165304,   1578932,    2000000
0.635,   1243593,   1572328,    2000000
0.637,   1320872,   1564447,    2000000
0.638,   1397079,   1555296,    2000000
0.639,   1472152,   1544882,    2000000
0.641,   1546030,   1533214,    2000000
0.642,   1618652,   1520301,    2000000
0.644,   1689960,   1506154,    2000000
0.645,   1759895,   1490784,    2000000
0.646,   1828402,   1474203,    2000000
0.648,   1895425,   1456425,    2000000
0.649,   1960908,   1437465,    2000000
0.651,   2024800,   1417338,    2000000
0.652,   2087047,   1396060,    2000000
0.653,   2147600,   1373649,    2000000
0.655,   2206409,   1350122,    2000000
0.656,   2263427,   1325499,    2000000
0.658,   2318607,   1299800,    2000000
0.659,   2371905,   1273046,    2000000
0.660,   2423276,   1245258,    2000000
0.662,   2472681,   1216458,    2000000
0.663,   2520077,   1186672,    2000000
0.665,   2565428,   1155921,    2000000
0.666,   2608695,   1124233,    2000000
0.667,   2649845,   1091631,    2000000
0.669,   2688843,   1058143,          0
0.670,   2725658,  -1023797,          0
0.671,   2760260,   -988619,          0
0.673,   2792621,   -952638,          0
0.674,   2822714,   -915884,          0
0.676,   2850516,   -878386,          0
0.677,   2876003,   -840174,          0
0.678,   2899155,   -801281,          0
0.680,   2919953,   -761737,          0
0.681,   2938381,   -721575,          0
0.683,   2954423,   -680826,          0
0.684,   2968066,   -639525,          0
0.685,   2979299,   -597705,          0
0.687,   2988113,   -555400,          0
0.688,   2994501,   -512643,          0
0.690,   2998458,   -469470,          0
0.691,   2999980,   -425916,          0
0.692,   2999067,   -382017,          0
0.694,   2995719,   -337807,          0
0.695,   2989938,   -293323,          0
0.696,   2981730,   -248600,          0
0.698,   2971100,   -203676,          0
0.699,   2958059,   -158587,          0
0.701,   2942616,   -113368,          0
0.702,   2924783,    -68058,          0
0.703,   2904576,    -22693,          0
0.705,   2882011,     22691,          0
0.706,   2857105,     68057,          0
0.708,   2829880,    113367,          0
0.709,   2800358,    158586,          0
0.710,   2768561,    203675,          0
0.712,   2734517,    248599,          0
0.713,   2698253,    293322,          0
0.715,   2659797,    337806,          0
0.716,   2619183,    382016,          0
0.717,   2576441,    425915,          0
0.719,   2531608,    469469,          0
0.720,   2484720,    512642,          0
0.722,   2435814,    555398,          0
0.723,   2384930,    597704,          0
0.724,   2332110,    639524,          0
0.726,   2277396,    680825,          0
0.727,   2220834,    721574,          0
0.728,   2162468,    761736,          0
0.730,   2102346,    801280,          0
0.731,   2040518,    840173,          0
0.733,   1977033,    878385,          0
0.734,   1911942,    915883,          0
0.735,   1845299,    952637,          0
0.737,   1777158,    988618,          0
0.738,   1707575,   1023796,          0
0.740,   1636604,   1058143,          0
0.741,   1564305,   1091631,          0
0.742,   1490736,   1124233,          0
0.744,   1415956,   1155921,          0
0.745,   1340027,   1186672,          0
0.747,   1263010,   1216458,          0
0.748,   1184967,   1245258,          0
0.749,   1105963,   1273046,          0
0.751,   1026060,   1299800,          0
0.752,    945324,   1325499,          0
0.753,    863821,   1350122,          0
0.755,    781616,   1373649,          0
0.756,    698777,   1396060,          0
0.758,    615370,   1417338,          0
0.759,    531464,   1437465,          0
0.760,    447126,   1456425,          0
0.762,    362426,   1474203,          0
0.763,    277431,   1490784,          0
0.765,    192210,   1506154,          0
0.766,    106834,   1520301,          0
0.767,     21371,   1533214,          0
0.769,    -64109,   1544882,          0
0.770,   -149537,   1555296,          0
0.772,   -234844,   1564447,          0
0.773,   -319960,   1572328,          0
0.774,   -404817,   1578932,          0
0.776,   -489345,   1584255,          0
0.777,   -573475,   1588291,          0
0.778,   -657140,   1591037,          0
0.780,   -740272,   1592492,          0
0.781,   -822802,   1592653,          0
0.783,   -904664,   1591522,          0
0.784,   -985792,   1589098,          0
0.785,  -1066119,   1585384,          0
0.787,  -1145581,   1580383,          0
0.788,  -1224113,   1574099,          0
0.790,  -1301651,   1566537,          0
0.791,  -1378132,   1557703,          0
0.792,  -1453494,   1547604,          0
0.794,  -1527676,   1536248,          0
0.795,  -1600617,   1523646,          0
0.797,  -1672259,   1509806,          0
0.798,  -1742543,   1494740,          0
0.799,  -1811413,   1478461,          0
0.801,  -1878811,   1460981,          0
0.802,  -1944685,   1442315,          0
0.804,  -2008979,   1422479,          0
0.805,  -2071642,   1401487,          0
0.806,  -2132623,   1379357,          0
0.808,  -2191873,   1356107,          0
0.809,  -2249343,   1331757,          0
0.810,  -2304987,   1306325,          0
0.812,  -2358759,   1279832,          0
0.813,  -2410616,   1252300,          0
0.815,  -2460516,   1223752,          0
0.816,  -2508418,   1194210,          0
0.817,  -2554284,   1163698,          0
0.819,  -2598076,   1132241,          0
0.820,  -2639758,   1099866,          0
0.822,  -2679297,   1066597,          0
0.823,  -2716661,   1032462,          0
0.824,  -2751818,    997489,          0
0.826,  -2784742,    961706,          0
0.827,  -2815405,    925142,          0
0.829,  -2843782,    887827,          0
0.830,  -2869849,    849791,          0
0.831,  -2893587,    811066,          0
0.833,  -2914976,    771681,          0
0.834,  -2933997,    731670,          0
0.835,  -2950637,    691066,    2000000
0.837,  -2964881,   -649901,    2000000
0.838,  -2976717,   -608207,    2000000
0.840,  -2986137,   -566020,    2000000
0.841,  -2993132,   -523373,    2000000
0.842,  -2997697,   -480301,    2000000
0.844,  -2999828,   -436839,    2000000
0.845,  -2999524,   -393022,    2000000
0.847,  -2996784,   -348886,    2000000
0.848,  -2991611,   -304467,    2000000
0.849,  -2984009,   -259801,    2000000
0.851,  -2973984,   -214924,    2000000
0.852,  -2961545,   -169873,    2000000
0.854,  -2946701,   -124683,    2000000
0.855,  -2929465,    -79392,    2000000
0.856,  -2909850,    -34037,    2000000
0.858,  -2887872,     11346,    2000000
0.859,  -2863550,     56719,    2000000
0.861,  -2836903,    102047,    2000000
0.862,  -2807952,    147292,    2000000
0.863,  -2776722,    192417,    2000000
0.865,  -2743237,    237386,    2000000
0.866,  -2707525,    282162,    2000000
0.867,  -2669615,    326709,    2000000
0.869,  -2629537,    370991,    2000000
0.870,  -2587324,    414971,    2000000
0.872,  -2543011,    458615,    2000000
0.873,  -2496632,    501886,    2000000
0.874,  -2448227,    544750,    2000000
0.876,  -2397834,    587172,    2000000
0.877,  -2345494,    629117,    2000000
0.879,  -2291250,    670551,    2000000
0.880,  -2235145,    711440,    2000000
0.881,  -2177226,    751752,    2000000
0.883,  -2117539,    791454,    2000000
0.884,  -2056132,    830513,    2000000
0.886,  -1993056,    868897,    2000000
0.887,  -1928362,    906577,    2000000
0.888,  -1862103,    943520,    2000000
0.890,  -1794331,    979697,    2000000
0.891,  -1725103,   1015078,    2000000
0.892,  -1654474,   1049636,    2000000
0.894,  -1582501,   1083341,    2000000
0.895,  -1509244,   1116167,    2000000
0.897,  -1434761,   1148086,    2000000
0.898,  -1359114,   1179073,    2000000
0.899,  -1282363,   1209103,    2000000
0.901,  -1204571,   1238152,    2000000
0.902,  -1125801,   1266195,    2000000
0.904,  -1046116,   1293210,    2000000
0.905,   -965583,   1319174,    2000000
0.906,   -884265,   1344068,    2000000
0.908,   -802230,   1367871,    2000000
0.909,   -719543,   1390563,    2000000
0.911,   -636272,   1412126,    2000000
0.912,   -552484,   1432542,    2000000
0.913,   -468248,   1451796,    2000000
0.915,   -383631,   1469870,    2000000
0.916,   -298703,   1486751,    2000000
0.917,   -213533,   1502426,    2000000
0.919,   -128189,   1516880,    2000000
0.920,    -42741,   1530102,    2000000
0.922,     42741,   1542083,    2000000
0.923,    128189,   1552811,    2000000
0.924,    213533,   1562278,    2000000
0.926,    298703,   1570477,    2000000
0.927,    383631,   1577401,    2000000
0.929,    468247,   1583045,    2000000
0.930,    552484,   1587402,    2000000
0.931,    636271,   1590472,    2000000
0.933,    719543,   1592249,    2000000
0.934,    802229,   1592734,    2000000
0.936,    884265,   1591926,    2000000
0.937,    965583,   1589825,    2000000
0.938,   1046116,   1586434,    2000000
0.940,   1125800,   1581754,    2000000
0.941,   1204571,   1575790,    2000000
0.943,   1282363,   1568547,    2000000
0.944,   1359114,   1560030,    2000000
0.945,   1434761,   1550247,    2000000
0.947,   1509244,   1539205,    2000000
0.948,   1582501,   1526913,    2000000
0.949,   1654474,   1513381,    2000000
0.951,   1725103,   1498621,    2000000
0.952,   1794331,   1482644,    2000000
0.954,   1862103,   1465463,    2000000
0.955,   1928362,   1447092,    2000000
0.956,   1993056,   1427547,    2000000
0.958,   2056132,   1406842,    2000000
0.959,   2117538,   1384995,    2000000
0.961,   2177226,   1362024,    2000000
0.962,   2235145,   1337946,    2000000
0.963,   2291250,   1312783,    2000000
0.965,   2345494,   1286553,    2000000
0.966,   2397834,   1259279,    2000000
0.968,   2448227,   1230983,    2000000
0.969,   2496632,   1201687,    2000000
0.970,   2543011,   1171415,    2000000
0.972,   2587324,   1140193,    2000000
0.973,   2629537,   1108044,    2000000
0.974,   2669615,   1074996,    2000000
0.976,   2707525,   1041075,    2000000
0.977,   2743237,   1006309,    2000000
0.979,   2776722,    970726,    2000000
0.980,   2807952,    934355,    2000000
0.981,   2836903,    897225,    2000000
0.983,   2863550,    859366,    2000000
0.984,   2887872,    820810,    2000000
0.986,   2909850,    781587,    2000000
0.987,   2929465,    741730,    2000000
0.988,   2946701,    701271,    2000000
0.990,   2961545,    660242,    2000000
0.991,   2973984,    618677,    2000000
0.993,   2984009,    576610,    2000000
0.994,   2991611,    534075,    2000000
0.995,   2996784,    491106,    2000000
0.997,   2999524,    447738,    2000000
0.998,   2999828,    404007,    2000000
1.000,   2997697,    359947,    2000000
1.001,   2993132,    315596,    2000000
1.002,   2986137,    270988,          0
1.004,   2976717,   -226161,          0
1.005,   2964881,   -181150,          0
1.006,   2950637,   -135991,          0
1.008,   2933997,    -90722,          0
1.009,   2914976,    -45380,          0
1.011,   2893587,        -1,          0
1.012,   2869849,     45379,          0
1.013,   2843782,     90721,          0
1.015,   2815405,    135990,          0
1.016,   2784742,    181149,          0
1.018,   2751818,    226160,          0
1.019,   2716661,    270988,          0
1.020,   2679297,    315596,          0
1.022,   2639758,    359947,          0
1.023,   2598076,    404007,          0
1.025,   2554284,    447738,          0
1.026,   2508419,    491105,          0
1.027,   2460516,    534074,          0
1.029,   2410616,    576610,          0
1.030,   2358759,    618677,          0
1.031,   2304987,    660242,          0
1.033,   2249343,    701271,          0
1.034,   2191873,    741730,          0
1.036,   2132623,    781587,          0
1.037,   2071642,    820810,          0
1.038,   2008979,    859366,          0
1.040,   1944685,    897225,          0
1.041,   1878811,    934355,          0
1.043,   1811413,    970726,          0
1.044,   1742543,   1006309,          0
1.045,   1672259,   1041075,          0
1.047,   1600617,   1074996,          0
1.048,   1527676,   1108044,          0
1.050,   1453494,   1140193,          0
1.051,   1378132,   1171415,          0
1.052,   1301651,   1201687,          0
1.054,   1224113,   1230983,          0
1.055,   1145581,   1259279,          0
1.056,   1066120,   1286553,          0
1.058,    985792,   1312783,          0
1.059,    904664,   1337946,          0
1.061,    822802,   1362024,          0
1.062,    740272,   1384995,          0
1.063,    657140,   1406842,          0
1.065,    573475,   1427547,          0
1.066,    489345,   1447092,          0
1.068,    404817,   1465463,          0
1.069,    319961,   1482644,          0
1.070,    234844,   1498621,          0
1.072,    149537,   1513381,          0
1.073,     64109,   1526913,          0
1.075,    -21371,   1539205,          0
1.076,   -106834,   1550247,          0
1.077,   -192210,   1560030,          0
1.079,   -277430,   1568547,          0
1.080,   -362425,   1575790,          0
1.082,   -447126,   1581754,          0
1.083,   -531464,   1586434,          0
1.084,   -615370,   1589825,          0
1.086,   -698777,   1591926,          0
1.087,   -781616,   1592734,          0
1.088,   -863821,   1592249,          0
1.090,   -945324,   1590471,          0
1.091,  -1026060,   1587402,          0
1.093,  -1105963,   1583045,          0
1.094,  -1184967,   1577401,          0
1.095,  -1263010,   1570477,          0
1.097,  -1340027,   1562278,          0
1.098,  -1415956,   1552811,          0
1.100,  -1490736,   1542083,          0
1.101,  -1564305,   1530102,          0
1.102,  -1636604,   1516880,          0
1.104,  -1707574,   1502426,          0
1.105,  -1777158,   1486751,          0
1.107,  -1845299,   1469870,          0
1.108,  -1911942,   1451796,          0
1.109,  -1977032,   1432542,          0
1.111,  -2040518,   1412126,          0
1.112,  -2102346,   1390563,          0
1.113,  -2162468,   1367871,          0
1.115,  -2220833,   1344068,          0
1.116,  -2277396,   1319175,          0
1.118,  -2332110,   1293210,          0
1.119,  -2384930,   1266195,          0
1.120,  -2435813,   1238152,          0
1.122,  -2484720,   1209103,          0
1.123,  -2531608,   1179073,          0
1.125,  -2576441,   1148086,          0
1.126,  -2619183,   1116167,          0
1.127,  -2659797,   1083341,          0
1.129,  -2698253,   1049636,          0
1.130,  -2734517,   1015078,          0
1.132,  -2768561,    979697,          0
1.133,  -2800358,    943520,          0
1.134,  -2829880,    906577,          0
1.136,  -2857105,    868897,          0
1.137,  -2882011,    830513,          0
1.139,  -2904576,    791454,          0
1.140,  -2924783,    751752,          0
1.141,  -2942616,    711440,          0
1.143,  -2958059,    670551,          0
1.144,  -2971100,    629117,          0
1.145,  -2981730,    587172,          0
1.147,  -2989938,    544750,          0
1.148,  -2995719,    501887,          0
1.150,  -2999067,    458615,          0
1.151,  -2999980,    414972,          0
1.152,  -2998458,    370991,          0
1.154,  -2994501,    326709,          0
1.155,  -2988113,    282162,          0
1.157,  -2979299,    237386,          0
1.158,  -2968066,    192417,          0
1.159,  -2954423,    147292,          0
1.161,  -2938381,    102047,          0
1.162,  -2919954,     56719,          0
1.164,  -2899155,     11346,          0
1.165,  -2876003,    -34037,          0
1.166,  -2850516,    -79392,          0
1.168,  -2822714,   -124683,          0
1.169,  -2792621,   -169873,    2000000
1.170,  -2760260,    214923,    2000000
1.172,  -2725658,    259800,    2000000
1.173,  -2688843,    304466,    2000000
1.175,  -2649845,    348885,    2000000
1.176,  -2608695,    393021,    2000000
1.177,  -2565428,    436838,    2000000
1.179,  -2520077,    480300,    2000000
1.180,  -2472681,    523371,    2000000
1.182,  -2423276,    566018,    2000000
1.183,  -2371905,    608206,    2000000
1.184,  -2318607,    649900,    2000000
1.186,  -2263427,    691066,    2000000
1.187,  -2206409,    731670,    2000000
1.189,  -2147600,    771681,    2000000
1.190,  -2087047,    811066,    2000000
1.191,  -2024800,    849791,    2000000
1.193,  -1960908,    887827,    2000000
1.194,  -1895425,    925142,    2000000
1.196,  -1828403,    961706,    2000000
1.197,  -1759896,    997489,    2000000
1.198,  -1689960,   1032462,    2000000
1.200,  -1618652,   1066597,    2000000
1.201,  -1546030,   1099866,    2000000
1.202,  -1472152,   1132241,    2000000
1.204,  -1397080,   1163698,    2000000
1.205,  -1320873,   1194210,    2000000
1.207,  -1243593,   1223752,    2000000
1.208,  -1165304,   1252300,    2000000
1.209,  -1086069,   1279832,    2000000
1.211,  -1005952,   1306325,    2000000
1.212,   -925018,   1331757,    2000000
1.214,   -843333,   1356107,    2000000
1.215,   -760963,   1379357,    2000000
1.216,   -677976,   1401487,    2000000
1.218,   -594438,   1422479,    2000000
1.219,   -510417,   1442315,    2000000
1.221,   -425983,   1460981,    2000000
1.222,   -341202,   1478461,    2000000
1.223,   -256144,   1494740,    2000000
1.225,   -170878,   1509806,    2000000
1.226,    -85474,   1523646,    2000000
1.227,         0,   1536248,    2000000
1.229,     85473,   1547604,    2000000
1.230,    170878,   1557703,    2000000
1.232,    256144,   1566537,    2000000
1.233,    341202,   1574099,    2000000
1.234,    425982,   1580383,    2000000
1.236,    510417,   1585384,    2000000
1.237,    594438,   1589098,    2000000
1.239,    677976,   1591522,    2000000
1.240,    760963,   1592653,    2000000
1.241,    843333,   1592492,    2000000
1.243,    925018,   1591037,    2000000
1.244,   1005951,   1588291,    2000000
1.246,   1086069,   1584255,    2000000
1.247,   1165304,   1578932,    2000000
1.248,   1243593,   1572328,    2000000
1.250,   1320872,   1564447,    2000000
1.251,   1397079,   1555296,    2000000
1.252,   1472152,   1544882,    2000000
1.254,   1546029,   1533214,    2000000
1.255,   1618652,   1520301,    2000000
1.257,   1689960,   1506154,    2000000
1.258,   1759895,   1490784,    2000000
1.259,   1828402,   1474203,    2000000
1.261,   1895425,   1456425,    2000000
1.262,   1960908,   1437465,    2000000
1.264,   2024800,   1417338,    2000000
1.265,   2087047,   1396060,    2000000
1.266,   2147600,   1373649,    2000000
1.268,   2206409,   1350122,    2000000
1.269,   2263427,   1325499,    2000000
1.271,   2318607,   1299800,    2000000
1.272,   2371905,   1273046,    2000000
1.273,   2423276,   1245258,    2000000
1.275,   2472681,   1216458,    2000000
1.276,   2520077,   1186672,    2000000
1.278,   2565428,   1155921,    2000000
1.279,   2608695,   1124233,    2000000
1.280,   2649845,   1091631,    2000000
1.282,   2688843,   1058143,    2000000
1.283,   2725658,   1023796,    2000000
1.284,   2760260,    988618,    2000000
1.286,   2792621,    952637,    2000000
1.287,   2822714,    915883,    2000000
1.289,   2850516,    878385,    2000000
1.290,   2876003,    840173,    2000000
1.291,   2899155,    801280,    2000000
1.293,   2919953,    761736,    2000000
1.294,   2938381,    721574,    2000000
1.296,   2954423,    680825,    2000000
1.297,   2968066,    639524,    2000000
1.298,   2979299,    597704,    2000000
1.300,   2988113,    555399,    2000000
1.301,   2994501,    512642,    2000000
1.303,   2998458,    469469,    2000000
1.304,   2999980,    425915,    2000000
1.305,   2999067,    382016,    2000000
1.307,   2995719,    337806,    2000000
1.308,   2989938,    293322,    2000000
1.309,   2981730,    248599,    2000000
1.311,   2971100,    203675,    2000000
1.312,   2958059,    158586,    2000000
1.314,   2942616,    113367,    2000000
1.315,   2924783,     68057,    2000000
1.316,   2904576,     22692,    2000000
1.318,   2882011,    -22692,    2000000
1.319,   2857105,    -68058,    2000000
1.321,   2829880,   -113368,    2000000
1.322,   2800358,   -158587,    2000000
1.323,   2768561,   -203676,    2000000
1.325,   2734517,   -248600,    2000000
1.326,   2698253,   -293323,    2000000
1.328,   2659797,   -337807,    2000000
1.329,   2619183,   -382017,    2000000
1.330,   2576441,   -425916,    2000000
1.332,   2531608,   -469470,    2000000
1.333,   2484720,   -512643,    2000000
1.335,   2435814,   -555399,    2000000
1.336,   2384930,   -597705,          0
1.337,   2332110,    639524,          0
1.339,   2277396,    680825,          0
1.340,   2220834,    721574,          0
1.341,   2162468,    761736,          0
1.343,   2102346,    801280,          0
1.344,   2040518,    840173,          0
1.346,   1977033,    878384,          0
1.347,   1911942,    915883,          0
1.348,   1845299,    952637,          0
1.350,   1777158,    988618,          0
1.351,   1707575,   1023796,          0
1.353,   1636604,   1058143,          0
1.354,   1564305,   1091631,          0
1.355,   1490736,   1124233,          0
1.357,   1415956,   1155921,          0
1.358,   1340027,   1186672,          0
1.360,   1263010,   1216458,          0
1.361,   1184967,   1245257,          0
1.362,   1105963,   1273046,          0
1.364,   1026060,   1299800,          0
1.365,    945324,   1325499,          0
1.366,    863821,   1350122,          0
1.368,    781616,   1373649,          0
1.369,    698777,   1396060,          0
1.371,    615370,   1417338,          0
1.372,    531464,   1437465,          0
1.373,    447126,   1456425,          0
1.375,    362426,   1474203,          0
1.376,    277431,   1490784,          0
1.378,    192210,   1506154,          0
1.379,    106834,   1520301,          0
1.380,     21371,   1533214,          0
1.382,    -64109,   1544882,          0
1.383,   -149537,   1555296,          0
1.385,   -234844,   1564447,          0
1.386,   -319960,   1572328,          0
1.387,   -404817,   1578932,          0
1.389,   -489345,   1584255,          0
1.390,   -573475,   1588291,          0
